file,step,robots,has_test_metrics,test_score,z_dim,shared_dim,human_encoder,human_rot_repr,temporal_window,lam_udhm,xin_switching,contrastive_mode,extra_human_ratio,primitive_sample,force_cross_robot,n_steps,lr,b,T_0,seed,error
/home/yareeez/Downloads/pre_filter.pt,,,,,,,,,,,,,,,,,,,,,not a dict
/home/yareeez/Downloads/pre_transform.pt,,,,,,,,,,,,,,,,,,,,,not a dict
Downloads/run14_s07550.pt,6491,shadow-legacy,False,,,,,,,,,,,,,,,,,,
Downloads/stage1_allegro_bodex_objbal_udhm.pt,14999,allegro,False,,16,1024,spatial,r6,8,2.12,False,triplet,0.1,False,True,15000,0.001,50000,2000,21266,
Downloads/stage1_allegro_freeze.pt,2500,allegro,False,,16,1024,spatial,r6,8,2.12,False,triplet,0.1,False,True,15000,0.001,50000,2000,21266,
Downloads/stage1_best(1).pt,4972,shadow-legacy,False,,,,,,,,,,,,,,,,,,
Downloads/stage1_best(2).pt,4971,shadow-legacy,False,,,,,,,,,,,,,,,,,,
Downloads/stage1_best(3).pt,4956,shadow-legacy,False,,,,,,,,,,,,,,,,,,
Downloads/stage1_best(4).pt,9838,shadow-legacy,False,,,,,,,,,,,,,,,,,,
Downloads/stage1_best.pt,1581,shadow-legacy,False,,,,,,,,,,,,,,,,,,
Downloads/stage1_best_run10.pt,9986,shadow-legacy,False,,,,,,,,,,,,,,,,,,
Downloads/stage1_best_run14.pt,9996,shadow-legacy,False,,,,,,,,,,,,,,,,,,
Downloads/stage1_best_run15.pt,10396,shadow-legacy,False,,,,,,,,,,,,,,,,,,
Downloads/stage1_best_run15b.pt,4334,shadow-legacy,False,,,,,,,,,,,,,,,,,,
Downloads/stage1_best_run16.pt,10366,shadow-legacy,False,,,,,,,,,,,,,,,,,,
Downloads/stage1_best_run17.pt,14472,shadow-legacy,False,,,,,,,,,,,,,,,,,,
Downloads/stage1_best_run18.pt,14462,shadow-legacy,False,,,,,,,,,,,,,,,,,,
Downloads/stage1_best_run18b_10k.pt,10463,shadow-legacy,False,,,,,,,,,,,,,,,,,,
Downloads/stage1_best_run18b_15k.pt,14462,shadow-legacy,False,,,,,,,,,,,,,,,,,,
Downloads/stage1_best_run19.pt,2000,shadow-legacy,True,2.6398977602273224,16,1024,,,,,,,0.1,,,15000,0.001,50000,2000,42,
Downloads/stage1_best_run20.pt,11000,shadow-legacy,True,2.5903759960457684,16,1024,,,,,,,0.1,,,15000,0.001,50000,2000,21266,
Downloads/stage1_best_run21.pt,7000,shadow-legacy,True,2.536441669650376,16,1024,,,,,,,0.1,,,15000,0.001,50000,2000,21266,
Downloads/stage1_best_run21_paper_sk.pt,6500,shadow-legacy,True,2.7556238412111997,16,1024,,,,,,,0.1,,,15000,0.001,50000,2000,21266,
Downloads/stage1_best_run22.pt,3500,shadow-legacy,True,2.6387356930598616,16,1024,,,,,,,0.1,,,15000,0.001,50000,2000,21266,
Downloads/stage1_best_run23.pt,6000,shadow-legacy,True,2.595450825728476,16,1024,,,,,,,0.1,,,15000,0.001,50000,2000,21266,
Downloads/stage1_best_run24.pt,1000,shadow-legacy,True,2.4432876567915085,16,1024,,,,,,,0.1,,,15000,0.001,50000,2000,21266,
Downloads/stage1_best_total(1).pt,4493,shadow-legacy,False,,,,,,,,,,,,,,,,,,
Downloads/stage1_best_total(10).pt,14874,shadow-legacy,True,2.5224496511742474,16,1024,,,,,,,0.1,,,15000,0.001,50000,2000,21266,
Downloads/stage1_best_total(11).pt,13792,shadow-legacy,True,2.4810537280142304,16,1024,,,,,,,0.1,,,15000,0.001,50000,2000,93901,
Downloads/stage1_best_total(12).pt,5985,shadow-legacy,True,2.6324657364562154,16,1024,,r6,,,False,triplet,0.1,,,6000,0.001,50000,2000,23887,
Downloads/stage1_best_total(13).pt,5630,shadow-legacy,False,,16,1024,,r6,,,False,infonce,0.1,,,6000,0.001,50000,2000,6534,
Downloads/stage1_best_total(14).pt,5907,allegro,False,,16,1024,,r6,,,False,triplet,0.1,False,,6000,0.001,50000,2000,9663,
Downloads/stage1_best_total(15).pt,5935,shadow+leap+barrett,False,,16,1024,,r6,,,False,triplet,0.1,False,,6000,0.001,50000,2000,16074,
Downloads/stage1_best_total(16).pt,14505,shadow,False,,16,1024,,r6,,,False,triplet,0.1,False,True,15000,0.001,50000,2000,276,
Downloads/stage1_best_total(17).pt,13768,shadow,False,,16,1024,,r6,,,False,triplet,0.1,False,True,15000,0.001,50000,2000,97973,
Downloads/stage1_best_total(18).pt,5882,shadow,False,,16,1024,temporal_cam,r6,8,0.0,False,triplet,0.1,False,True,6000,0.001,50000,2000,26101,
Downloads/stage1_best_total(18):A.pt,14496,shadow,False,,16,1024,,r6,,1.2,False,triplet,0.1,False,True,15000,0.001,50000,2000,21266,
Downloads/stage1_best_total(18):b.pt,14412,shadow,False,,16,1024,,r6,,2.12,False,triplet,0.1,False,True,15000,0.001,50000,2000,21266,
Downloads/stage1_best_total(19).pt,9885,shadow+leap+barrett,False,,16,1024,spatial,r6,8,2.12,False,triplet,0.1,False,True,15000,0.001,50000,2000,21266,
Downloads/stage1_best_total(2).pt,9943,shadow-legacy,False,,,,,,,,,,,,,,,,,,
Downloads/stage1_best_total(20).pt,13698,shadow+leap+barrett,False,,16,1024,spatial,r6,8,2.12,False,triplet,0.1,False,True,15000,0.001,50000,2000,21266,
Downloads/stage1_best_total(21).pt,6790,shadow+allegro,False,,16,1024,spatial,r6,8,2.12,False,triplet,0.1,False,True,15000,0.001,100000,2000,21266,
Downloads/stage1_best_total(22).pt,9185,shadow+allegro,False,,16,1024,spatial,r6,8,2.12,False,triplet,0.1,False,True,15000,0.001,100000,2000,21266,
Downloads/stage1_best_total(23).pt,14260,shadow+allegro,False,,16,1024,spatial,r6,8,2.12,False,triplet,0.1,False,True,15000,0.001,100000,2000,21266,
Downloads/stage1_best_total(24).pt,14553,allegro,False,,16,1024,spatial,r6,8,2.12,False,triplet,0.1,False,True,15000,0.001,50000,2000,21266,
Downloads/stage1_best_total(25).pt,10323,shadow+allegro,False,,16,1024,spatial,r6,8,2.12,True,triplet,0.1,False,True,15000,0.001,100000,2000,21266,
Downloads/stage1_best_total(3).pt,7117,shadow-legacy,False,,64,1024,,,,,,,0.1,,,15000,0.001,50000,2000,21266,
Downloads/stage1_best_total(4).pt,5022,shadow-legacy,False,,16,1024,,,,,,,0.1,,,6000,0.001,50000,2000,21266,
Downloads/stage1_best_total(5).pt,4682,shadow-legacy,True,2.5752556858956814,16,1024,,,,,,,0.1,,,6000,0.001,50000,2000,21266,
Downloads/stage1_best_total(6).pt,14957,shadow-legacy,True,2.4428849659860132,16,1024,,,,,,,0.1,,,15000,0.001,50000,2000,15825,
Downloads/stage1_best_total(7).pt,6672,shadow-legacy,False,,16,1024,,,,,,,0.1,,,15000,0.001,50000,2000,21266,
Downloads/stage1_best_total(8).pt,9904,shadow-legacy,False,,64,1024,,,,,,,0.1,,,15000,0.001,50000,2000,21266,
Downloads/stage1_best_total(9).pt,14237,shadow-legacy,True,2.702435707040131,64,1024,,,,,,,0.1,,,15000,0.001,50000,2000,21266,
Downloads/stage1_best_total.pt,4878,shadow-legacy,False,,,,,,,,,,,,,,,,,,
Downloads/stage1_best_total_NEW.pt,6269,shadow-legacy,False,,,,,,,,,,,,,,,,,,
Downloads/stage1_best_total_eigenvalue.pt,4763,shadow-legacy,False,,,,,,,,,,,,,,,,,,
Downloads/stage1_best_total_run29fix.pt,13607,shadow-legacy,True,2.5406951443850994,64,1024,,,,,,,0.1,,,15000,0.001,50000,2000,21266,
Downloads/stage1_best_total_run9.pt,2493,shadow-legacy,False,,,,,,,,,,,,,,,,,,
Downloads/stage1_best_val(1).pt,6000,shadow-legacy,True,3.048319788686931,64,1024,,,,,,,0.1,,,15000,0.001,50000,2000,21266,
Downloads/stage1_best_val(2).pt,14000,shadow-legacy,True,2.9508804181218142,64,1024,,,,,,,0.1,,,15000,0.001,50000,2000,21266,
Downloads/stage1_best_val(27a).pt,3500,shadow-legacy,True,2.7451297439634796,64,1024,,,,,,,0.1,,,15000,0.001,50000,2000,21266,
Downloads/stage1_best_val(27b).pt,14000,shadow-legacy,True,2.739224484190345,64,1024,,,,,,,0.1,,,15000,0.001,50000,2000,21266,
Downloads/stage1_best_val(28).pt,3500,shadow-legacy,True,2.7451297439634796,64,1024,,,,,,,0.1,,,15000,0.001,50000,2000,21266,
Downloads/stage1_best_val(28b).pt,1000,shadow-legacy,True,2.446476318947971,64,1024,,,,,,,0.1,,,15000,0.001,50000,2000,21266,
Downloads/stage1_best_val(29).pt,5000,shadow-legacy,False,,64,1024,,,,,,,0.1,,,15000,0.001,50000,2000,21266,
Downloads/stage1_best_val(29b).pt,1500,shadow-legacy,True,2.471757113337517,64,1024,,,,,,,0.1,,,15000,0.001,50000,2000,21266,
Downloads/stage1_best_val(29fix).pt,3000,shadow-legacy,False,,64,1024,,,,,,,0.1,,,15000,0.001,50000,2000,21266,
Downloads/stage1_latest.pt,9500,shadow-legacy,False,,,,,,,,,,,,,,,,,,
Downloads/stage1_latest_run29fix.pt,14500,shadow-legacy,False,,,,,,,,,,,,,,,,,,
Downloads/stage1_run34_global-oracle_step10811.pt,10811,shadow-legacy,False,,16,1024,,,,,,,0.1,,,15000,0.001,50000,2000,21266,
Downloads/stage1_run7_best_total.pt,4763,shadow-legacy,False,,,,,,,,,,,,,,,,,,
Downloads/stage1_run8_best.pt,9981,shadow-legacy,False,,,,,,,,,,,,,,,,,,
Downloads/stage1_run8_best_total.pt,9981,shadow-legacy,False,,,,,,,,,,,,,,,,,,
Downloads/stage1_shadow_allegro_bodex_objbal.pt,14999,shadow+allegro,False,,16,1024,spatial,r6,8,2.12,False,triplet,0.1,False,True,15000,0.001,100000,2000,21266,
AIST-hand/models/latent-retargeting/checkpoints/stage1_allegro_solo_bodex_noobjbal_ckpt24_14k5.pt,14553,allegro,False,,16,1024,spatial,r6,8,2.12,False,triplet,0.1,False,True,15000,0.001,50000,2000,21266,
AIST-hand/models/latent-retargeting/checkpoints/stage1_allegro_solo_bodex_objbal_15k.pt,14999,allegro,False,,16,1024,spatial,r6,8,2.12,False,triplet,0.1,False,True,15000,0.001,50000,2000,21266,
AIST-hand/models/latent-retargeting/checkpoints/stage1_best_total.pt,4,shadow-legacy,True,3.860323619991541,64,1024,,,,,,,0.1,,,5,0.001,64,2000,21266,
AIST-hand/models/latent-retargeting/checkpoints/stage1_latest.pt,0,shadow-legacy,False,,,,,,,,,,,,,,,,,,
AIST-hand/models/latent-retargeting/checkpoints/stage1_shadow_allegro_bodex_objbal_15k.pt,14999,shadow+allegro,False,,16,1024,spatial,r6,8,2.12,False,triplet,0.1,False,True,15000,0.001,100000,2000,21266,
AIST-hand/models/latent-retargeting/checkpoints/stage1_shadow_solo_ckpt17_run18b_13k7.pt,13768,shadow,False,,16,1024,,r6,,,False,triplet,0.1,False,True,15000,0.001,50000,2000,97973,
AIST-hand/models/latent-retargeting/checkpoints/stage1_shadow_udhm_B_15k.pt,14412,shadow,False,,16,1024,,r6,,2.12,False,triplet,0.1,False,True,15000,0.001,50000,2000,21266,
AIST-hand/grasp-model/checkpoints/stage1_best_total.pt,2,shadow-legacy,True,4.2784223221987485,16,1024,,,,,,,0.1,,,3,0.001,20000,2000,72322,
AIST-hand/grasp-model/checkpoints/stage1_latest.pt,0,shadow-legacy,False,,,,,,,,,,,,,,,,,,
